,id,name,username,SourceNode
0,611302875,Free Jacob Chansley,okc0mputor,19612749
1,1678902002,mbremick,MBremick,19612749
2,1325245249640259585,Lori Stermer,lalstermer,19612749
3,1305414602662924288,Simran Singh ğŸ‡¦ğŸ‡º,SimranS33204475,19612749
4,761011283781160960,K. McDowell,kgmcdowell28,19612749
5,14268271,TLG,ToddLance,19612749
6,49039186,Delco Dave Ret â­ï¸â­ï¸â­ï¸,dscarani,19612749
7,728758196,Tessie F,TessieFunk,19612749
8,1083690392065839104,JoniS,JSimaytis,19612749
9,23310048,Allen Wulf,eremitical,19612749
10,617643275,Blair Potvin,BlairPotvin,19612749
11,1194902508,iogens,iogens,19612749
12,788019733685678080,Greek_Bouy,31stamas,19612749
13,1288151954284261378,TexasMama,hitch081,19612749
14,83686077,â“˜ ğ—¢ğ—³ğ—³ğ—¶ğ—°ğ—¶ğ—®ğ—¹ Neanderthal Sğ—¼ğ˜‚ğ—¿ğ—°ğ—²,markapplecoffee,19612749
15,1225806233778651137,GIG,SimonMugwe1,19612749
16,796695426,Honey Bee,honeybeefoxwind,19612749
17,1306103589719486466,Cat,TiredKittyCat00,19612749
18,15069237,Bobbi Billard,bobbibillard,19612749
19,1241857181474885634,MAGA17Truther,Maccam1T,19612749
20,3106896127,Diana ElizondoGarcia,Daniel102223,19612749
21,366392426,Meiqian He,MayHe5,19612749
22,1288974989899845636,Backcountry,backcountry99,19612749
23,1083374217993875456,Victor Ispolia,victorispolia,19612749
24,42327180,stephane goneta,bigbenluco,19612749
25,24837432,kb853,kb853,19612749
26,2393451337,Denise putnam,denise_putnam,19612749
27,1603922047,Angela Mandujano,MandujanoAngela,19612749
28,270347582,Waking Up,escapnthematrix,19612749
29,3544667112,Todd Alexander,toddalex6,19612749
30,1327063274127503360,Maximus Promethius,MaximusPrometh1,19612749
31,1041229838,Tina Papahanges,TinaPapahanges,19612749
32,135769683,DeedeeTrueBrit,deedeedasilva,19612749
33,37575922,Courtney Holland ğŸ‡ºğŸ‡¸,hollandcourtney,19612749
34,785958809491480576,JCmyRock,LucciLogic,19612749
35,1192186940096995328,searching for the truth,FailsFrequent,19612749
36,19835945,SP,SelenaPaige,19612749
37,1290273629901488129,Verynicethanks,Verynicethanks1,19612749
38,824963666239963136,fake President ofï¼ˆå¤šçŒ«è…»å…±å’Œå›½ï¼‰Dominion Republic,stiffuppperlip,19612749
39,1164667034057224199,bruce mcneill,brucemcneill5,19612749
40,1127931570281680896,Numinous2019,numinous2019,19612749
41,14373911,Martin Ford,MartinFord,19612749
42,165234835,Michael Smith,MichaelMSmith62,19612749
43,997155180914163712,WildWilsonAdventure,wildwilsonadven,19612749
44,2735299959,Dennis Rock Jr,crashholio,19612749
45,2883442031,Petal Blossom,PetalTrudie,19612749
46,89636303,TrumpismyPresident,pastadad2011,19612749
47,1327756143624597505,Lowlander,jeffreyehle,19612749
48,704433056728264704,Text TRUMP to 88022,lsmythe6,19612749
49,434102194,LightfarmingğŸšœ,JeffJlwilling,19612749
50,1244792119249776647,TheHappyHolidaysğŸ‡ºğŸ‡¸,TheRealHolidays,19612749
51,137113185,Bob Belanger,Bob652,19612749
52,36048537,leeann houseknecht,armymom17745,19612749
53,341888883,Mom to three,Margsbelle1958,19612749
54,47821309,ğŸ‡ºğŸ‡²Gregory CampbellğŸ‡ºğŸ‡²,__soupdogg,19612749
55,1658120647,Karyl B.,KookyKaryl,19612749
56,1398747644,Roberto Dominguez,dlroberto7,19612749
57,72157374,Curtis Current,ccurr59,19612749
58,528349176,J H,shadowbirddog,19612749
59,725703709603323905,L-Dopa...,Tranber94,19612749
60,3095815907,dcp,dcp_beachinit2,19612749
61,264924050,Shomari Stone,shomaristone,19612749
62,84638408,valerie,vallcap,19612749
63,622142892,Vicki,vikkikayak,19612749
64,2810539022,Melissa Kavadas,13_mkavadas,19612749
65,1000720226,Catherine Pasquinucci,RonsGf,19612749
66,805950085343244288,Only At The Precipice...,carlsbadgirl313,19612749
67,1321260931,M&SspeakLIFE,Mark43130676,19612749
68,554223333,America Is A Great Country,bankruptcy7now,19612749
69,4898301,Lock Her Up AF - Ninja Grifter Nation,pickletoon,19612749
70,1246469017348472835,Stacey,Stacey30867389,19612749
71,76084701,Jolie Sumbera,JolieSumbera,19612749
72,624913261,Wendy Griffith,wendygcbn,19612749
73,1279751881871495169,kymonarch,kymonarch,19612749
74,15112558,Fabrizio Poli,Fabrysilvia,19612749
75,791622038,Tom Picaso,TomPicaso,19612749
76,1286042684587638786,Concerned Citizen 305,Citizen_305,19612749
77,1038567283948314624,ç”Ÿæ´»,o1t8G8DdeqykuZb,19612749
78,1266741326495784960,K oneal,Koneal98660882,19612749
79,71829812,Kevin Mooneyhan,kevinmooneyhan,19612749
80,1234659438193266688,JessieHogan,butter_trump,19612749
81,2873876242,Ashley Nicole,GeorgiaGirl422,19612749
82,1242096788057681920,James1776,JamesS1776,19612749
83,774091826215157760,"A Republic, if you can keep it.",LadyLibertyInEx,19612749
84,2783015575,Admiral Zen,ilovepuki2,19612749
85,761699966201032704,Christina boggs,Christinaboggs7,19612749
86,39071791,John Abromavage,johnabromavage,19612749
87,572211273,Mike Tureson,shultz_68,19612749
88,317216604,N,nicnackpattywac,19612749
89,1193934211,Kathleen Meine,kfmeine,19612749
90,75416356,Jodeyne Higgins,Jodeyne,19612749
91,1011045890134544384,Ø®Ø§Ù„Ø¯ Ø§Ù„Ø¬Ù†ÙˆØ¨ÙŠ - Khalid S,khalidsouthern,19612749
92,792567373,Marjorie Littleton,MarjLittleton,19612749
93,41621564,Sue Fitch,eccaleen,19612749
94,3132202806,Robert Parker,ParkerRep62003,19612749
95,19196362,Robert M Easton Jr,RobertMEastonJr,19612749
96,432078086,We_RideğŸ—£ğŸ—£ğŸ—£ğŸ—£ğŸ—£,th_kekf,19612749
97,823612866259456000,Mrs Infantry Wife,ronnierooneyart,19612749
98,89236917,Mike ImholzğŸ‡ºğŸ‡¸ğŸ‡¨ğŸ‡­,Imholz,19612749
99,1055254341446184960,Soulfire999,soulfire999,19612749
100,1090965637155995648,Akanji John,AkanjiJohn1,19612749
101,35980953,Chip,TheOneChipH,19612749
102,1282039349064937473,Lindsey,LindseyPeatfie1,19612749
103,1063146518746746883,Caitlin Rose Morgante ğŸ,BrokeBeforeWoke,19612749
104,26930860,ttrraider,ttrraider1,19612749
105,1320068115905024000,Vanessa,Vanessa04127993,19612749
106,434371808,A New Day,heat_26,19612749
107,44933921,Dude,surfernova,19612749
108,945175794170712064,Sic Semper Tyrannis,_liberty_first_,19612749
109,2987709799,Mike Kelly,mikekellylaw,19612749
110,189596146,Sandra Liz,Usanthem24,19612749
111,1292327390404841472,jo,RomaCapriAcct2,19612749
112,1326550642068877314,Felicia Valentine,FeliciaV525122,19612749
113,255345509,||||| | ||||||| |||||||| || ||||||||,justxxjen,19612749
114,495488905,NYLife245,NYLife245,19612749
115,2527965294,Biden Cheated/Trump Won,one_putt_ed,19612749
116,1323418817595383810,Give Me Liberty or Give Me Death 1776,Freedom78928384,19612749
117,21634447,Robin SutcliffeğŸ‡ºğŸ‡¸,robinsut,19612749
118,149249044,jg1986,Rissy1986,19612749
119,1226156135851470858,Edward Leo,EdwardL50379188,19612749
120,825167213602574337,Stay Back,lololo_Joseph,19612749
121,135393517,æµæµªå¥¶ç‰›,wondershowfree,19612749
122,334879284,G Hawks,ghawks577,19612749
123,1326708688049098752,Nina Nina,NinaNin31900995,19612749
124,1413190262,Aliveritas,Aliveritas1,19612749
125,3589071459,Pattye W,PearlGirlNow,19612749
126,1232069434228895744,Abolish Mass COVID testing,unstumpable1,19612749
127,1280670913848057856,Joe Nobody,LowOnHealth65,19612749
128,4627776695,eyeslilopn,eyeslilopn,19612749
129,97334535,hoping for a better...2022!?!!,rg424,19612749
130,511306623,ğŸ‡ºğŸ‡¸SoCalCindyğŸš‚#SaveAmerica #MAGA #Trump2024âœ©,cgowlvUSA,19612749
131,34298288,Jack Halverson,halvo3,19612749
132,3033658245,ğŸŒ™DivergentC4ğŸŒ™,livestrong3c,19612749
133,1291442985981247488,nwt,seagrace6,19612749
134,562848986,alicelilly,alicelilly1,19612749
135,37364082,Tweets McGee ğŸ‡ºğŸ‡¸,TweetsMcGee2473,19612749
136,1292230757927321602,upliftandempower,w_love_and_rage,19612749
137,3105362665,Spiritual Food,about_Jehovah,19612749
138,2199777385,ğŸ™‹â€â™€ï¸,fmlwrrr,19612749
139,966480071417647105,Dwayne,TXDad22,19612749
140,3237185685,calico President Elect,tlynne_tracie,19612749
141,1852711411,Wendy,Wendywriter13,19612749
142,899401541177622528,The Hake Report,TheHakeReport,19612749
143,112046204,Jane Kautzer,suejing,19612749
144,148555972,Andy Burke,B11rkey,19612749
145,2766698939,nobody.,drayfitz,19612749
146,15979894,into the light,huntie99,19612749
147,19239717,Apocalyptic Kitchen,eoherbalist,19612749
148,1322774125727813632,LetsgoBrandon,chicky1doodle,19612749
149,1280187183052337153,Lightnin,Lightnin17,19612749
150,1555713079,azPatriot,wolfjloophole,19612749
151,1326991272251416577,SherryDongjd,SDongjd,19612749
152,138564019,kEEp krEEpin,LEDAWN13,19612749
153,35494071,Xebor ğŸ‡³ğŸ‡´ğŸ‡ºğŸ‡¸ğŸ‡®ğŸ‡±,Xebor,19612749
154,4810386321,Shirley Hatfield,shirlhatfield7,19612749
155,1084179502958297090,PoliticalCipher,CipherPolitical,19612749
156,398517524,Brandie Mitchell ğŸ‡ºğŸ‡¸,brandiepedsrn,19612749
157,56256443,Donna preston,geekonline,19612749
158,797628903573458944,Defund the left,Deanna4Freedom,19612749
159,110517478,Kristina Cooke,kristinacooke,19612749
160,29462887,Nana,318_nana,19612749
161,969351626959085573,marshasaari,marshasaari1,19612749
162,67648469,Jennie,Jendoll70,19612749
163,1308118146818031616,Grand Regulator 80,80Regulator,19612749
164,3255436399,Dev Ananda,AvoidDavoid,19612749
165,1286043695255556097,Gina HANSON,GINAHANSON_,19612749
166,794728489,Michelle Brown,redfeather1371,19612749
167,515602810,Beth Hillman,HillmanBeth,19612749
168,29176815,Emel Akan,mlakan,19612749
169,780586733352083456,ABru1982,ABCDE_1951A,19612749
170,702651557033029632,Lyrnn Carter,lyrnncarter05,19612749
171,1187570024426303488,Bandit,Ban_One1976,19612749
172,708521307801956352,john baxter,johnnyb4212,19612749
173,754656558722588672,Vince Smith,Suprise_Me_Agai,19612749
174,207796513,Sean Awdish,seanawdish,19612749
175,1300826814,Save America! ğŸ‡ºğŸ‡¸,BellybeanK,19612749
176,1289909762340118528,SusieQ,SusieQ1776,19612749
177,1158533256079433731,Amie Wilson,AmieWil48361794,19612749
178,830254903260041216,A00wl,Athenas00wl,19612749
179,1251237958771978241,CaMkee,ca_mkee,19612749
180,1414194552,MJ,mjaustin06,19612749
181,4023977073,Itsadogslife,lfsweets,19612749
182,1087512354,Thais Reyes,ThaisReyes,19612749
183,1242142492075622400,me,christa43670378,19612749
184,21784741,Letâ€™s Go Tugboat Phil!,KellyFinley,19612749
185,1151100551972737025,KT,K_Tanner777,19612749
186,1075865300,Carol Eblin,bearlover92000,19612749
187,1227361292370894849,AwakenedByTruth,jdtruther,19612749
188,1321696098885447681,Cristian ğŸ—£ğŸ—£ğŸ—£ğŸ—£,Cristia58578157,19612749
189,1172712862243934208,Jan@Silver_Maple,JanSilverMaple1,19612749
190,874732979683282947,J Perkins,JPerkin76166601,19612749
191,514258439,ğ•´ğ–†ğ–“ ğ•­ğ–”ğ–ğ–‘ğ–Š,TheGeekHoard,19612749
192,625009786,BrandonğŸ‘ŠğŸ‘Š,brandon79967363,19612749
193,208341817,Julie Wert,Juliewert,19612749
194,1286067505702862850,MonicaLuz,116Romans116,19612749
195,1277725765224796166,Meg,Meg66521327,19612749
196,791142105854910464,Twistninthewind,twistninthewind,19612749
197,534795372,Lisa de la Pena,LisadelaPena1,19612749
198,1156331573345705985,Mari Posa,UnitedRedWhite1,19612749
199,1321641290405203970,Pendulum Swings Both Ways,Minority4T,19612749
200,1257443463936835585,Joe Biden is the Lance Armstrong President.,thomas_swansea,19612749
201,17109030,Mark Bentley,bentlema,19612749
202,838037821,Philip Severson,philchef1,19612749
203,1131970183218716672,Targeted Justice With Midge Mathis,JusticeTargeted,19612749
204,2419116936,Cindy Harbour,cgharbour,19612749
205,1071499762183139334,Judy Cornett,JudyCornett11,19612749
206,491324332,DMK67,dkenne94,19612749
207,1326796580838584323,*Dr.* One Horse Pony,croix4545,19612749
208,1056008125151535104,Nelly2006,HeidiLenell,19612749
209,2331208410,D,vacayplease,19612749
210,38469811,Joy Lee Richard,joyfilledliving,19612749
211,2197383711,Discerning Citizen,vishunmasked,19612749
212,4344637469,Ron,buckinpapaw,19612749
213,605941685,Teresa,dormiensursi,19612749
214,2540335714,Jessica,YleoTeam,19612749
215,895658917,Federico Piacenza,fedepiacenza,19612749
216,1325665222762225665,Lena,lena_wc,19612749
217,1147485672518955013,Stephen Hensley,ConsultHensley,19612749
218,580398317,James Anton Hake,JamesAntonHake,19612749
219,582041050,Pam Knight,pampknight74010,19612749
220,972256363052240896,Ben,Ben05427540,19612749
221,1272560650095648768,åŒ—ç¾åŠ¨æ€NAnews,NAnews2020,19612749
222,1324363980123578369,Erick Delgado,ErickDe11458476,19612749
223,1267164212176052224,Praying For Peace â¤â›ªğŸ‡ºğŸ‡¸,GraceAbound2020,19612749
224,2961811544,Judy âœï¸â™¥ï¸ğŸ‡ºğŸ‡¸,SteelersMom92,19612749
225,818576252323958788,RedDoorRefinisher,RedDoorRefinish,19612749
226,2429079616,AniaS,annas385,19612749
227,111426528,artemisa_schumimania,misaschumimania,19612749
228,707073764748599296,LibertyPreserve,LibertyPreserve,19612749
229,1241093291229302784,Denise2 ğŸ„ğŸ‡ºğŸ‡¸,Denise261615798,19612749
230,75646958,Jonathon Hill,jhill12790,19612749
231,2475908058,Kings Arena,KingsArena1,19612749
232,1056625662,LAC,LisaC1010,19612749
233,946700862465994752,Debra Muzia,grandeb311,19612749
234,932004145,Jenna Drum O'Dell,Jennaddrum,19612749
235,948700032626253826,QthankQ,QthankQ,19612749
236,19148484,âœï¸Tanya Guinevere Hunte,TanyaGHunte,19612749
237,1268730335463985152,Erin,whackocontender,19612749
238,270847309,Sarah Scott,sarahfscott,19612749
239,38055229,BFE,BrettEwing,19612749
240,971849539840888833,Exhaling Vigorously,FocusCapPlan,19612749
241,875449850,Connie AnnğŸ‡ºğŸ‡¸,connieann68,19612749
242,1088647657843814400,Alleriana,Alleriana13,19612749
243,818036862325497860,Hanse,guambomb69,19612749
244,4237158719,Lisa Charles,LisaCha46830487,19612749
245,43316069,Lisa Bedford,TheSurvivalMom,19612749
246,15229861,Doug_Moore,Doug_Moore,19612749
247,1191731984369885186,kandi,kandi13646086,19612749
248,60779410,John Wallis,JW3673,19612749
249,1313810440330317825,President Elect BoomChakaLaka,BoomCha31096867,19612749
250,1277921628786241538,castelloromano,castelloromano1,19612749
251,1402659198,I Am In ğŸ‡ºğŸ‡¸â­â­â­ğŸ‡ºğŸ‡¸,NayanaNava,19612749
252,857499151331766272,NewYorkwind,wxb1661,19612749
253,942499163803176960,America is Bananas,AmericasBananas,19612749
254,2849335477,P,HashTagP519,19612749
255,2975595265,Yadira Mendez,yadymendez_9,19612749
256,2589021392,Happy Gardener,patriotwoman_,19612749
257,316168295,LLM,Lori32166,19612749
258,594886848,Stef Lap,StefLap1,19612749
259,1197174667280355328,Sponda13,sponda13,19612749
260,1313662492946714631,MAC ğŸ‡ºğŸ‡¸ğŸ‡ºğŸ‡¸ğŸ‡ºğŸ‡¸ğŸ‡ºğŸ‡¸ğŸ‡ºğŸ‡¸,Ephphatha2020,19612749
261,184112936,Clint Wolverton,ClintWolverton,19612749
262,1139103257136193536,Sharon,sinenomine26,19612749
263,1267221546986135552,RW,RW00474498,19612749
264,2453539850,mnhooksetter,mnhooksetter,19612749
265,25428106,Juan_Blanco,Juan_Blanco__,19612749
266,14678331,JMaceW ğŸ‡ºğŸ‡¸ ğŸ¦…ğŸ™ âš–ï¸ ğŸ•Šï¸,JMaceW,19612749
267,146197065,Tommy italiano,TommyJerzBoy76,19612749
268,14300216,tredaelli,tredaelli,19612749
269,465342187,Elected DJT,palarff,19612749
270,1327113997364039680,levi2020,levi20205,19612749
271,2286763243,AmeriQan Descendant,ErikOnDemand,19612749
272,972972614523158528,ğŸ‰ğŸ”šğŸ‡ºğŸ‡¸PamelaPumaUSARibEyeNationalistğŸ‡ºğŸ‡¸ğŸ’ªğŸ»ğŸ”¥,PLHCrawford,19612749
273,449409455,Derek Mason,DerekAMason,19612749
274,117308306,Vegas Mom ğŸ‡ºğŸ‡¸,VegasMomLovesUS,19612749
275,491448173,Vice Society,vicesociety1,19612749
276,842157938760404992,liza rent,lizarent,19612749
277,27348300,Pamela ğŸ¹,griffith_p,19612749
278,245557772,Doreen Chamian Ladin,doreenladin,19612749
279,2389613881,Zlatko Kovach,ZlatkoKovach,19612749
280,1087161735591747584,carole,ClackCarole,19612749
281,1411804202,Deborah Buterbaugh,2geez1Buter,19612749
282,3407535262,Laura LoCicero,Laura_LoCicero,19612749
283,1297895989559177216,â˜€ï¸SunshineAgain17â˜€ï¸,SAgain17,19612749
284,1308433079858597888,Chans Yolo,chansyolo,19612749
285,25184265,J C,at0micpunk,19612749
286,2948207604,Laurie Atwood,Latwood45,19612749
287,710998785531514880,Demelza,DemelzaDantes,19612749
288,45058029,Freedom Flu,SGT_C,19612749
289,982353269887352832,shelton,tony40474873,19612749
290,510723391,Nathan Prinz,NathanPrinz1,19612749
291,332460520,Hmp,acerocks2011,19612749
292,1319360998818668544,John,John72273206,19612749
293,17102821,Amy Kinard,TheKinards,19612749
294,998194792436727809,Vince Holmes,VinceHolmes9,19612749
295,59946646,abbey,abbeyznormal,19612749
296,887494609605206016,PaTrIoT gAmEs JustSayNo2DaJAB FJB!,yjjeepsnmemes,19612749
297,3951091451,DaveUSA,Daveusa12,19612749
298,504868379,Mark Craft,mark_craft,19612749
299,123639942,Vero,VeronicaLevel,19612749
300,1239387474830462976,ShinyShinyDream,ShinyShinyDrea1,19612749
301,960348648159592448,ğŸ‡ºğŸ‡¸GODâ€™S WILL BE DONEğŸ‡ºğŸ‡¸,kysmi1005,19612749
302,919331996538691584,DR.,DrOctagon1984,19612749
303,870868088,Julie Trimble,jjbtrim,19612749
304,3231836161,Rodnas,StephenMSandor,19612749
305,1161611256811393024,pckatğŸ‡ºğŸ‡¸â¤ï¸ğŸ‡ºğŸ‡¸,pckat11,19612749
306,1268367975129600000,fuktwittir,fuktwittir,19612749
307,1255214533,Spence Rogers ğŸ‡ºğŸ‡¸ğŸ˜,SpenceRogers,19612749
308,1321883675609411584,Patricia Hawes,PatriciaHawes9,19612749
309,1175765337184362496,Lâ¤ve45,RobinDowd20,19612749
310,742865535910727680,Kim,kimrhenderson,19612749
311,926641081676189697,Cinti,No_Fret_No_Fear,19612749
312,834544133016584196,K. Abdoulaye COMPAORE,KAbdoulayeCOMP1,19612749
313,1241481420486275072,Schroedog6,schroedog6,19612749
314,43836232,Eddy R. Impanis,impanis,19612749
315,1255215702543405056,Kathryn,Kathryn83970251,19612749
316,1242349341479546881,WokeStorm,StormWoke,19612749
317,1245651223740444674,Barbara Ann,Barbara99584589,19612749
318,53404348,H369,HEM333,19612749
319,45869336,Wendy Goodreau,goodreauw,19612749
320,756266734496190465,Lila Welborn,LilaWelborn,19612749
321,872459208947585025,deplorableBob63,deplorableBob63,19612749
322,57161498,Big Fellow,EatingHabit,19612749
323,1319401111615377409,debdogs,DeborahGramenz,19612749
324,267467141,hilarys hubris,hubris_s,19612749
325,428645072,Kingpin,El_Pumper,19612749
326,1325953150768058371,christine brewer,christi22134460,19612749
327,136087929,Juan Miguel GarcÃ­a,JuanMiguel_0789,19612749
328,44004563,Dustin Moore ğŸ‡ºğŸ‡¸,DustinMoore_fs,19612749
329,1294422417671098368,Hattie1of75+million ğŸ‡ºğŸ‡¸,hattiewoo26,19612749
330,1297610552265641991,Steve T.,Fighttyranny76,19612749
331,20821188,We're Doomed Peckerwood,mccallb,19612749
332,1958651076,Jason Bunker,JasonABunker,19612749
333,710273423562244098,Jeannine,schenck51,19612749
334,1292557608931532800,Jeffrey the remodeler,JeffreyBeaton1,19612749
335,890973239228465153,Californian Refugee -Join GAB,TrumpCaravan,19612749
336,1266237053974413312,kimba,Born_Free71,19612749
337,1300246090898460673,Judge Q. DraconisğŸ¸âš–ï¸,DraconisJudge,19612749
338,1325228807553503233,.,hirealitycalled,19612749
339,2322143654,Louise Ballard,psalm23is,19612749
340,316802491,Julie Craig,craig_julie,19612749
341,2994712768,VickiV,MissVicki1967,19612749
342,61195600,Jason Anderson,sunandheat,19612749
343,120406432,Jesse Nemitz,jessenemitz,19612749
344,804117638834245632,JRoweNYC,rowe_nyc,19612749
345,1326885538624724992,ğŸ‡ºğŸ‡¸ Joey Chavez ğŸ‡ºğŸ‡¸,___pinner___,19612749
346,874018855210725376,Bayalu,Bayalumaya1,19612749
347,18244332,Brian Ahier,ahier,19612749
348,1051269207340568578,Sara Jane,SaraJan46825655,19612749
349,48840464,Rubix Cube,KnightscreamX,19612749
350,165244375,Sonnie Houlihan,SonnieShblue96,19612749
351,280570568,XLm Jersey,NJvoice1,19612749
352,1241334719725346817,light,light50747644,19612749
353,3559534037,Leo Vial,liexiou33,19612749
354,1290975197751914496,Deutsche Dichter und Denkerin,SchillerSpirit,19612749
355,123936074,Carol M,backstageartist,19612749
356,2730812275,Kimberly Panethiere,Bucksmama2011,19612749
357,119767948,Billie Jay,billiejay121,19612749
358,4708802513,ğŸ‡ºğŸ‡¸AmericanPatriot0311ğŸ‡ºğŸ‡¸,3percent0311,19612749
359,326977874,T-NO,tishrickard,19612749
360,968008257066360832,Murray A,Murray02020898,19612749
361,1564020193,Gomer Pyle,elguapo1963,19612749
362,356966741,byeden,YVK1993,19612749
363,3886733893,Bookworm,Bookwormsavant,19612749
364,134265344,Nurse Patriot,KennyMichelle,19612749
365,28526764,Rebecca Hagelin,RebeccaHagelin,19612749
366,853305775141343232,The Winter Patriot ğŸ‡ºğŸ‡¸1777,Bencarneal1,19612749
367,18153048,Kerry Ann McKim,kerryannmckim,19612749
368,745434505847025668,CornelisBP24,Cornelisbp24,19612749
369,1179543821333549056,Miss NYC ğŸ’‹,MissNYC212,19612749
370,1314179912543207425,MassMediaVirus-19ğŸŒğŸ†“ï¸âš–ğŸ‡ªğŸ‡¦ğŸ‡ºğŸ‡¸,FarsaVirus,19612749
371,310352692,Barbara Johnson,BarbJohnson99,19612749
372,31172273,Colett4AmericağŸ‡ºğŸ‡¸â˜˜ï¸ğŸšğŸ’’,sweetie911,19612749
373,4218042863,ğŸ‡ºğŸ‡¸Freedomlover,Jennergy13,19612749
374,861606598514536454,TheGayWhoStrayed,thegaywhostrayd,19612749
375,1299030927570546688,Danielle McPherson,Daniell99494876,19612749
376,1104782958785896448,Squawkaboutit,tosquawkabout,19612749
377,480695531,Christi & David,Christi__David,19612749
378,1258882179360145409,Call Sign Phoenix,sydneyvaughn171,19612749
379,1344718183,New Kid on the Block,SweetFreedomAZ,19612749
380,160599487,JUDYNYC,JUDYKNY,19612749
381,1152244182771257344,zedabish@yahoo.com,zedabishyahooc1,19612749
382,4858501366,pozniak1995,pozniak1995,19612749
383,523834105,becky bruner,bbrunerstuartfl,19612749
384,579522597,Nancy Goetzel,nancyalice1,19612749
385,94626072,Marsha Barton,marsha0727,19612749
386,1246473832082419712,Joy M. (@PortiaAdams- Parler),PortiaAdams1775,19612749
387,33018898,Rose Shepherd,RoMaUpSh,19612749
388,186382841,Craig Dillon,craigtdillon,19612749
389,760562545,Jake Gordils,JakeGordils,19612749
390,957281321679699969,TrulyAmazing,TrulyAmazing17,19612749
391,2165179429,OscarMike45,Oscarmike45,19612749
392,95496721,Eduardo Galvan,egalvangarza,19612749
393,1438536914,KL6560,KL6560,19612749
394,296248375,To Save A World,tosaveaworld,19612749
395,170921057,KI MacLeod âœğŸğŸ’,KIMacLeod,19612749
396,2341830598,mtnlvr111,mtnlover111,19612749
397,1303171897220313089,W*I*N*K,17_WINK,19612749
398,1296241756636352512,Ericka,Ericka85176904,19612749
399,2561628794,MAGAnificent Deplorabl3 ğŸ‡ºğŸ‡¸ğŸŒ,MaganificentD,19612749
400,1123644513644204032,RBonesak,RBonesAK,19612749
401,64124640,Leslie,Rt2bRt,19612749
402,2959220046,Jenn,saltgirlia,19612749
403,1230349019798310912,American Grandma,PatriotinCA,19612749
404,1292288011,Ursula Kerns,DustyKerns,19612749
405,3243530834,cheers cowichan,CheersCowichan,19612749
406,1316531290112315392,Mike,sandiegomikee,19612749
407,909563632379465729,There is one True God He Will deliver us from evil,Guinevere536,19612749
408,1245017713531146242,SiouxZQ,SuePick91622497,19612749
409,1299100528811663360,Wade Wiederhold,WiederholdWade,19612749
410,806214819808296960,TheTrUthLiVes,Klglace68,19612749
411,1025944043816071168,bohojo411,bohojo11_11,19612749
412,3828878955,Sergio lopez,serginex33,19612749
413,532577127,HeyDadCanWe,daniel9351,19612749
414,1291768836048457729,Redtrumptrain2020,Redtrumptrain21,19612749
415,1204824223,Cheshire Pork,CheshirePork,19612749
416,93888221,C...Short,shortbutnot,19612749
417,1308148537897684994,Joyce Powell,JoycePo30359029,19612749
418,444276158,greenie,kimber1727,19612749
419,877896508296843264,Brian N,bdn1910,19612749
420,2594777302,No54,07539774847,19612749
421,1287175736382705666,ğŸ¦‹Butterflybaby ğŸ¦‹,Heidi84319574,19612749
422,495405458,Pamela ğŸ‡ºğŸ‡¸,palwisc,19612749
423,87975165,mamacaza,mamacaza2,19612749
424,520937652,Dusty Farren,DustyFarren,19612749
425,321543499,Michael Rentz,GMichaelRentzJR,19612749
426,1264705070991638535,Im@gine2112,Imagine_21121,19612749
427,67418208,Deanna Jensen-Valliere,jewelsdujour,19612749
428,70681120,Artist,DorasPaintDrips,19612749
429,1029431023606661120,Havoc,CombatWeapon,19612749
430,4927865057,Lenny Mitchell,LennyMitch412,19612749
431,4647575922,ğŸ‡ºğŸ‡¸Alaska FreeğŸ‡ºğŸ‡¸,alaskaiii,19612749
432,4028456423,Jeanette Landen,jeanette_landen,19612749
433,65197651,ardeman,no1psp,19612749
434,1223049997102354433,MAGA-NIFICENT,ROOBSTER777,19612749
435,515024838,Angry Mama Bear,kb_starkey,19612749
436,1262568001670270977,Jigz310,jigz310,19612749
437,1246620810548305920,Glaucia,Glauhn,19612749
438,703278900034535424,Bob,Bob95042876,19612749
439,931635759303528450,Mari Alvarado,Mari_Alvarado4,19612749
440,1306699365759713283,HISPANIC PATRIOT/ ğŸ‡ºğŸ‡¸ğŸ™â¤/MAGA.,BLESSED7767,19612749
441,348278429,boro,borostoro,19612749
442,933615668,mary ruth swift,maryruthswift60,19612749
443,24779367,Carol Albies,beeperchick,19612749
444,385042801,PatriotNurse80,patriotnurse80,19612749
445,1272285207522131975,HenrytheNavigator1776,navigator1776,19612749
446,73004034,Melody,captureN,19612749
447,1302764012959133696,Modern Musket ğŸ‡ºğŸ‡¸,MusketModern,19612749
448,3308165445,Peter K,TakisKoumou,19612749
449,1059549781968719872,aintthatsumpin,aintthatsumpin,19612749
450,783457426641006592,BigChops,MAGA173427,19612749
451,989899892150616064,v7,vector0007,19612749
452,1272212981821120518,Teddy,Teddy33145503,19612749
453,758817134906519553,Jak,JimbobJak,19612749
454,981675649269051392,A Safe Place for Rational Thinking,aspfrt,19612749
455,871519038115074051,Raymond Augusta,RaymondAugusta1,19612749
456,1281438698614280193,Jill â¤ğŸ‡ºğŸ‡¸ ...,Jill11318925,19612749
457,25326262,Steph â¤ America ğŸ‡ºğŸ‡²ğŸŠ,ninigator1,19612749
458,737349028208214016,nancy taylor,redhorserunning,19612749
459,861335085815144449,Rachael F,Rachael123000,19612749
460,877260680520486912,Coach Zac,Coach_ZTB,19612749
461,393442720,Deb Lesko,DebLesko1,19612749
462,1175239801550848000,Grace Coulter,Grace__Coulter,19612749
463,840844553104064512,QueenSized â™¥ï¸MamağŸ‡ºğŸ‡¸,Rlewis5557,19612749
464,154345964,Mona Osborne,MonaOsborne,19612749
465,22322798,ğŸ‡ºğŸ‡¸ Dana ğŸ‡¨ğŸ‡´,_DoomsDana_,19612749
466,153451675,DenB,DenITetc,19612749
467,47854930,Cindy Lehman,CindyLehman,19612749
468,1361488345,rosedobbs,rosey_dobbs,19612749
469,273645952,:::,chuck_tators,19612749
470,891270050010804224,jamesh,utrpwsd,19612749
471,713957058274414592,A,schrodingered,19612749
472,205729999,closed,shoplondons,19612749
473,1261260796681695239,Gregory Shumakevich,GShumakevich,19612749
474,1069059883272740866,Carrie Sonak ğŸ‡ºğŸ‡¸â¤ï¸,CarrieSonak,19612749
475,754547155680002048,Gloria Jane Haring,gloria_haring,19612749
476,1245868646842265601,julie,julie18707807,19612749
477,2374239069,Alicia Mannion,LishInLawrence,19612749
478,1125905772444041216,Karrin Casper,CasperKarrin,19612749
479,41543020,whatever. ğŸŠ,sdasilveira,19612749
480,3144235637,BriteStarr,Angels_n_Starz,19612749
481,297998392,JJW,jyoop4329,19612749
482,863811848,President Elect - G. Hall,ghall79,19612749
483,890566155601104896,LeeAnn Hampton,hampton_leeann,19612749
484,782854987,I miss President Trump! ğŸ‡ºğŸ‡¸âš½ğŸ‡®ğŸ‡±ğŸğŸ¹ MAGA KAG,Cigars1776,19612749
485,1313966902704771072,BlueSkyReport,BlueSky_Report,19612749
486,569612822,Niki Wiessner,NikiWiessner,19612749
487,19448559,kcdreaming,Kcrooymans,19612749
488,3304593510,Melissa Brewer,Thatbrewerlady,19612749
489,1303762044181778432,Lisa Reeves,LisaRee78639590,19612749
490,1593959498,Eric Wick,ericvwick,19612749
491,941685870,kk(parler:@kishorekunal007),kishorekunal007,19612749
492,412314703,americanmom,RedElephantRed,19612749
493,712796744124203009,Just Me,AZTrumpGirl,19612749
494,916998312,Satori ğŸ•‰ï¸,SatoriOhm,19612749
495,506890546,Brian Sherwood,bmsherwood,19612749
496,1071156790740639747,Greg Pike Parler @Pike942,Pike942,19612749
497,788475863578935297,klh,starcitymomma,19612749
498,1265464230,ğŸ„ğŸ President Elect gratefulsoul ğŸ„ğŸ,Happyheart411,19612749
499,351185849,mkturner,mkturner2,19612749
500,1165439014205366272,Bob,WhySoManyBobs,19612749
501,4810052236,Enforce the Law,jeremiah5244,19612749
502,949887902573412352,Larry Davis,_LarryDavis_,19612749
503,826142894805381120,Joy Bell,JoyBell75174267,19612749
504,765674589733040129,Anthony Pozzo,pozzot8j,19612749
505,278076580,rico policarpo,hotrider293,19612749
506,161448841,Brandi Hughes,bdhughes27,19612749
507,912760646,Truth 2 Action ğŸ‡ºğŸ‡¸ âš–ï¸,truth2action,19612749
508,1099020973192462336,megaswan,megaswan4,19612749
509,349143257,Kenny Adkins,Kennyadkins,19612749
510,902954364,Gerardo Rodriguez,jgerardo_rod,19612749
511,2897945711,ClaudeneMarie,claudenemarie,19612749
512,1238997464,sherylford56,sheryl_cawrse,19612749
513,1277365273574748161,Jack Anderson,JackAnd86040728,19612749
514,1066128566902026240,klove360ğŸŒŸğŸ’–ğŸŒŸ,klove3601,19612749
515,1085636192316637185,Living in the Twilight Zone is GREAT,1strangetrip17,19612749
516,383259053,Patrice Sager,iamforya,19612749
517,1239334344034041856,dan,DanZ2220,19612749
518,1312196118416154624,Rick Rader,RickRader13,19612749
519,590458839,Aimee David,AimeeDavid2006,19612749
520,1128806789980598272,Maribelviau,Maribelviau1,19612749
521,2324976629,keylee Hartley,keyleehart,19612749
522,2790802363,Bryan Plett,brybev1,19612749
523,19258576,Dr. June Bride JLC,bellehavenid,19612749
524,759019843521683457,Dee,deepelych,19612749
525,1323387869117915138,IittIe_bird2,IittIe_bird2,19612749
526,98328834,.,JordiESP,19612749
527,188189430,C Campâ™¥ï¸ğŸ‡ºğŸ‡¸,ckelly202,19612749
528,1051887077627973633,Peter15,juniorsalutes,19612749
529,363808138,B Mac,MamaBird49,19612749
530,574639227,Deb Johnson,debraj_johnson,19612749
531,1166478318,Bob Waddell,BobWaddell1,19612749
532,261026722,Viv85,mmdsmom123,19612749
533,545676751,B,bnutt1232,19612749
534,2889279430,The Fournace Group,Fournacegroup,19612749
535,47795770,PrayerWarrior,prayer45warrior,19612749
536,382377933,JP,Japalias,19612749
537,66146699,Gonzodamusâ—ï¸,Gonzodamus,19612749
538,174383641,ann ward,hawks8888,19612749
539,785609795646599168,Maurice McCaffrey,mauricempage,19612749
540,1285709589732786179,Take a Stand,heather_pinet,19612749
541,274621018,Charles Achord,charlesachord,19612749
542,1297567910316126208,â­BushCar88â­,BushCar88,19612749
543,1200051028567232514,Eddie Franklin,BigEdFranklin,19612749
544,818438278714191873,ğŸ‡ºğŸ‡¸ Danny ğŸ‡ºğŸ‡¸,DDanielM_1,19612749
545,779760785559986177,Lurch Wick,FilthyFish23,19612749
546,381275042,Renee F,mikeydawg1,19612749
547,15637045,Jeanette Tejes ğŸ‡ºğŸ‡¸ğŸ˜¢,jtejes,19612749
548,1293755305969491970,Flea,17Patriot1717,19612749
549,1320955713515147269,Gulag Inmate #1717,TalbertMarshal1,19612749
550,1028073448873111553,Andrea ğŸ‡ºğŸ‡¸ğŸ‡ºğŸ‡¸ğŸ‡ºğŸ‡¸,LAcreole504,19612749
551,1000572787,Sadie Jane,watchwoman0908,19612749
552,1242111332322652162,sfmforever,sfmforever1,19612749
553,1241384846838181888,Visenya Targaryen,Visenya_52,19612749
554,1241906424248242176,Kathie62,Kathie622,19612749
555,1313614594816999426,JRFreedom,JRFreedom5,19612749
556,3817006155,USA,RuschelMarioB,19612749
557,1323689727246163968,Richard Goldrich,GoldrichRichard,19612749
558,3247744113,Taylor Jones,tangojulliet02,19612749
559,948731605287350273,Emory,eichersan,19612749
560,1268571242191294465,Mary Rae,MaryRae70327683,19612749
561,188482922,Laser Eyes George Washington,EatItMiami,19612749
562,1208806110473396227,The Othered White Man,CG60040,19612749
563,1310801392911749130,Serenity Grace,Serenit81140845,19612749
564,1225121406415003650,FantomonTrainer.Tin,TinFoilRealist,19612749
565,721130253603770369,Specktr Avenger,SpecktrAvenger,19612749
566,1255599755616534530,Irish Hugh,IrishHughQ1,19612749
567,478692825,Drew,drewdenomme,19612749
568,1238806698577375234,cyn45,cyn451,19612749
569,1239729655260708865,Gina,Gina80971023,19612749
570,258564630,Ramona Spears,ashtonangelbaby,19612749
571,1311750072233844736,FreeToBeeğŸ,freebee217,19612749
572,821367360107974656,Connie Ryan,RyanCryan2222,19612749
573,477408115,KennaJane ğŸŒ¸,agirlnamedkaren,19612749
574,1312154477659590657,Palmira Rose,palmira_foley,19612749
575,863587169335734272,Barbara Snyder,Barbara91259520,19612749
576,391448932,F,OfflineRedPills,19612749
577,1257399492132904961,Dwight,Dwight60735234,19612749
578,1302628274045059073,Imacountrygirl,imacountrygirl,19612749
579,953780887908487169,Bryan Heflin,RamFam87,19612749
580,21823978,Randy McCoy,RandyMcCoy,19612749
581,1316398152660983810,MommyPatriot47,DinaMil63282627,19612749
582,265125022,Angel,haloangelTN,19612749
583,815285430107054080,Digital Recruit,7771995John,19612749
584,1248262477185499136,PSnuka,PSnuka,19612749
585,46171878,The Happy Basset,thehappybasset,19612749
586,1311067155698528256,Pablo Gazz,AllThatGazz,19612749
587,505786935,Tarheel,Tarheel_1776,19612749
588,1322152354679054338,Zohan Sandler,sandler_zohan,19612749
589,825289136,Nicholas Wilson,Nick_J_Wilson,19612749
590,1445800783,Sandra,SandraSanguino4,19612749
591,1294640787750363137,Gracie..Trump is my President!!!! MAGA,GracieBelle60,19612749
592,4851204699,Sharon Bergstein,The_Real_MommaB,19612749
593,3050567705,Meri Urtha Kama,MeriUrthaKama,19612749
594,1044124179782664197,Faith Allwell,FaithAllwell,19612749
595,462836681,Melanie Richards,melbrichards,19612749
596,836639756775731200,Blonde19,Blonde193,19612749
597,1496518502,ğŸ‡®ğŸ‡¹ CoppaPlaccata ğŸ‡®ğŸ‡¹,CoppaPlaccata,19612749
598,1050101939491475463,America First,america1st_usa,19612749
599,14911901,Ron H,RonHowA,19612749
600,1071092476700692480,ĞºĞµĞº,marin1_raduga4,19612749
601,1264880211880890368,Pink Panther,PinkPan98648362,19612749
602,1319484351407624194,Miriam Schatzkamer,MSchatzkamer,19612749
603,758986576533729280,TheCentreCannotHold,CommSensMonster,19612749
604,1270460727824957440,Fran Ramsden,FranRamsden,19612749
605,1082427291991339009,Gonexu,Gonexu1,19612749
606,25645877,Julia Holman,juliaholman,19612749
607,931720986747179008,Zig-Zag,GrantCypress,19612749
608,1291396350211502080,ConservativeChick#TrumpWon,AwPromie,19612749
609,1108454895454220288,AbolishHypocrisy,AbolisHypocrisy,19612749
610,216911291,ajbarron1226,ajbarron1226,19612749
611,937795615,Lee Allen,jcmclove,19612749
612,80641262,ğŸŒ» April ğŸŒ»,april_c_k_o,19612749
613,33964634,Tim Money - NOT advice,moneyfinancial,19612749
614,804501041651793925,Gabriel Barnes,GabrielBarnes16,19612749
615,1090169807612325888,eXo also on GETTR: GodAlreadyWon,eXodRo,19612749
616,1261575845187063808,JoyDivision,NewOrderJoyDiv,19612749
617,822109455768809473,Vincent,inVINCEible5,19612749
618,306742887,Kelly Bell,kmbalb,19612749
619,174384757,Counter MSM Agenda Retweets,TheeOmega,19612749
620,922300579732267008,Sandra Tisi,sandra_tisi,19612749
621,1278097429238292481,ShirleyTXDeplorable,ShirleyGoebel,19612749
622,871900689823346689,Jersey Jackassâ€™s Estranged Wife,angietheplumber,19612749
623,811658794241380352,Mario,_MARIO_1597_,19612749
624,823272109375946753,Ellen,eak1eak,19612749
625,2709136317,Chris Malasaga Jr,EspyjrJr,19612749
626,1193882521001439233,Steph.....,coley_steph,19612749
627,1658964566,Bill Boz,bill_boz,19612749
628,805822354655952896,Michael,mrzcontracting,19612749
629,270139999,Hope,HMTOMA,19612749
630,805522938,Michael Archie,ArchieMichael,19612749
631,720446272386240512,SRQ,34231SRQ,19612749
632,727330886161715201,Hal,ru543210,19612749
633,1508038104,ğŸ‡ºğŸ‡¸DirtTrackChic88,DirtTrackChic88,19612749
634,850767494377865216,Mike Augustine,mspaugi,19612749
635,335002585,SewHippoSew,SewHippoSew,19612749
636,1273802710169468928,ddastrogal,ddastrogal,19612749
637,1245137357285625857,Tweety,felicia73093859,19612749
638,751700935,kathleen crocenzi,KCrocenzi,19612749
639,709062789,demnomore,demnomore65,19612749
640,1239617882566336512,jesmac,JessMcG7,19612749
641,981208871774642177,SM,MeskinScott,19612749
642,901803402,Scott Crabtree,crabtree_scott,19612749
643,2904709703,Jill Bidenâ€™s Blow Dryer,chipwagon18,19612749
644,872637121210839042,Thomas J Morgan Sr.,ThomasJMorgan18,19612749
645,348799799,Matt,116PISANO29,19612749
646,160685609,Brad Meinken,brad_meinken,19612749
647,1135386172715393026,TruthSeeker ğŸ‡ºğŸ‡¸ğŸ¦…,TruthSeeker3279,19612749
648,77344719,Dawn Brown,AwanDawn,19612749
649,1116858409427656705,just_a_dood,stevenchristy11,19612749
650,344862384,Ryan Griffith,ragriffith09,19612749
651,1286838536977567745,Cassandra Oakden,CassandraOakden,19612749
652,1255035513620312064,Ja,TruthJustice0,19612749
653,1325962298838626305,Ant,chappar88,19612749
654,26544673,MomBearOf2,mombearof2,19612749
655,1318967984115810305,Richard Seelbinder,RichardSeelbin2,19612749
656,724717549410246656,America First,sjured1300,19612749
657,2775823642,Paula Hoyle,HoylePaula,19612749
658,1291808377019027463,Courtney,courtneyleah84,19612749
659,2472565537,Tyler Pike,tylerpike12,19612749
660,3246951120,plasmatorch,plasmatorchmex,19612749
661,1513231340,ğŸ‡ºğŸ‡¸ Kelli Campbell ğŸ‡ºğŸ‡¸,Kecojazo,19612749
662,1364640331,Mike,mrw_michael,19612749
663,1245541974662234112,Kathy,kStarParis,19612749
664,1348673065,ãƒ¡ãƒ‡ã‚£ã‚¢ãƒ»ãƒªãƒ†ãƒ©ã‚·ãƒ¼ã‚’é«˜ã‚ã‚ˆã† ğŸ‡¯ğŸ‡µ,truth_and_lie,19612749
665,1315426788340838400,Uncle Roger,human_unmasked,19612749
666,1071946384465584129,USCGXRP,UscgXrp,19612749
667,1665860388,Jenni Sells,JenniSells,19612749
668,887179847277187074,Gregorâ€™s BBQ,GregorPlaxs,19612749
669,816307460478746626,Cactus Momma,Cactus_Momma,19612749
670,1119821611,BejaGirl ğŸ‡ºğŸ‡¸ â­ï¸âœ¡ï¸ğŸ’¡,bejagirl64,19612749
671,25318798,2021 is also Ridiculous ğŸ¤¦â€â™€ï¸,shaleylafleur,19612749
672,3039705390,Zackary Wilson,zackary_23,19612749
673,1219684752447410177,goodground,goodground4,19612749
674,50445403,Make America Free Again,walk_in_freedom,19612749
675,1232101025873637382,Tuurd J. Burglansson,TuurdB,19612749
676,1243668122378350594,Digital Warrior Patriot,JoFreedomMom,19612749
677,154245047,No Place Like Home,npl_home,19612749
678,956668645907804162,Smith,OzilGirl,19612749
679,17552416,cvc415 #StopTheSteal #CountEveryLegalVote,cvc415,19612749
680,997066984817807360,ã‚ˆã† (à¹‘ËƒÌµá´—Ë‚Ìµ) ğŸ¤ğŸ§¡ğŸªâœ¨,yoyomoni_31,19612749
681,799417220195565568,MauiGirl ğŸ‡ºğŸ‡²,MauiGirlFan45,19612749
682,125225979,niki,nikisadoni,19612749
683,1706418858,karen matthews,KrnMatthews,19612749
684,607908054,ä¹™äº‹ä¸»,keanu_fxtrader,19612749
685,1238629970773073920,ice queene,icequeeneee,19612749
686,1121923908695801856,Ben K,BenK09858627,19612749
687,3018710195,Teresa Nebergall,TeresaNebergall,19612749
688,836423220,Daisy Cabrera,DaisyCabrerard,19612749
689,1323991367509528577,Shanna Brady,ShannaBrady18,19612749
690,42537081,Cathy Kish,chattytoo,19612749
691,1355796715,J.J. Celeste,arcadianwinds,19612749
692,186937632,Nicole,saffirevixen,19612749
693,843032922596802560,LeftSlayer,Duanemurphy12,19612749
694,4779554234,We The PeopleğŸ‡ºğŸ‡¸,libertyall71,19612749
695,20334891,Legalgambling,legalgambling,19612749
696,749296461699964928,"Reveille, America! ğŸš”ğŸ‡ºğŸ‡¸ğŸ‡µğŸ‡·âœï¸",Haley_Greentree,19612749
697,1256356395261267969,diyFABRICsupply,diyfabricsupply,19612749
698,1157465822572380160,ğ™¼ğšğš˜ğš ğš›ğš¢,Meowry4,19612749
699,954183482720313344,Michael Oleary,capemike1955,19612749
700,2976801226,Kalamata Blue,fogjin79,19612749
701,1190416829384019968,VisionQue$tğŸ‡ºğŸ‡¸,VisionQuest422,19612749
702,420837580,__Pizzzzzyy,__Pizzzzyyy_54,19612749
703,4851543813,Allie Fox,allie_foxmore,19612749
704,3007594257,Sharon Teitelbaum,Sharon_tei,19612749
705,586649962,T,trev_ferguson,19612749
706,3248933250,1984,WWfaithful,19612749
707,31717820,Beverlee Howell,beverleeanne,19612749
708,1668450684,Annette J â€” Lover of Freedom,annettejals,19612749
709,43904236,Y-I-Oughta,BLynnFid,19612749
710,18572054,JimC,JDCorey,19612749
711,31916862,Laura Malter,lauramalter,19612749
712,1258758687352651782,America Ferguson,FrauMaryland,19612749
713,1301359551330082816,Atticus Finch,AtticusFinch556,19612749
714,189401362,Tammy Stephens,sisterbusinessT,19612749
715,723646386147844096,Kgurk7 ğŸ‡ºğŸ‡¸,kgurk7,19612749
716,2429788189,MaryJ,MaryannJordan20,19612749
717,1707892872,California Loves Trump,SportsFamily5,19612749
718,788416555696685056,Laura ğŸ‡ºğŸ‡¸,lspadaro1,19612749
719,1260637696994705408,Lina,Lina08625029,19612749
720,1324512005601067009,Diane Keir,JackPDog,19612749
721,4082157982,Cynthia Elizabeth Ann,CindyDellinger3,19612749
722,1242177824359776256,Waiting4Him,HimWaiting4,19612749
723,271535712,Tim Barber,TimBarber33,19612749
724,1245220806113644544,ğŸ‡ºğŸ‡²SAVE HUMANITYğŸ‡ºğŸ‡²,ProSaveHumanity,19612749
725,3271333866,Chrisy ğŸ€ğŸ˜‡,Irish7Angel,19612749
726,603261465,R. Gregory Willis,RGregoryWillis,19612749
727,28620923,Jeremiah Wilson,Jeremiahwilson_,19612749
728,38321204,Glory to God,arlenetok,19612749
729,283081631,Red Kingdom,MCoulter35,19612749
730,1144271820,ChrisfromIowa ğŸ‡ºğŸ‡¸,chris11649,19612749
731,748140521885859840,ğŸ‡ºğŸ‡¸ Chris H,3717BigC,19612749
732,17980384,Jackson D.S. âœï¸ğŸ‡ºğŸ‡¸,JacksonDS,19612749
733,1085242263217803264,Betty Padgett,BettyPadgett4,19612749
734,1319811340404477953,Freeman L,FreemanLiu10,19612749
735,25038922,SL,samlinws,19612749
736,48518416,cheryl chumley,ckchumley,19612749
737,1325553816197017601,TheDeadVoteDemocrat,stop_voting,19612749
738,2319916303,Austin Bitcoin âš¡ï¸,Austin_Bitcoin,19612749
739,219663658,Rosalie Cross,mommiorosalie,19612749
740,21473228,Philip,philipholz,19612749
741,474427429,Our Representative Republic died,MAS4America,19612749
742,30179379,Rhonda,Toknwmeistolvme,19612749
743,31447862,Mia,PixelKnits,19612749
744,157199202,nyc10016,nyc10016,19612749
745,3005997190,Daddio T,TheDoc5950,19612749
746,17993620,Ken Blackwell,kenblackwell,19612749
747,58081534,Larry Vote Cirignano,LarryVoter,19612749
748,1253456190291443712,God bless America,Freedom58246661,19612749
749,1214523064106602497,ğŸ‡ºğŸ‡¸MARGOğŸ‡ºğŸ‡¸,m_keenum,19612749
750,2321260140,Mayday,highw00ds,19612749
751,1304065961163714562,VIGILANCE,KEVINKE78179787,19612749
752,1641718129,winbig,Soldin24,19612749
753,102371835,Claire Meynial,ClaireMeynial,19612749
754,260655398,Jim Guittard,jimguittard,19612749
755,1079216200603836416,Colleen Khoury,bright_star45,19612749
756,171137025,P. Missile ğŸ‡ºğŸ‡¸,P_Missile,19612749
757,400445405,Chris Cooney,Mikecdog,19612749
758,3290071174,Hope Mezynski,2019Serendip,19612749
759,115681686,Bruce Porter Jr.,NetworksManager,19612749
760,466127046,Barbara Di Gilio,di_gilio,19612749
761,1278575705328979971,ansonthesaxguy,thesaxxxguy,19612749
762,1310305942383128576,ğŸ‡²ğŸ‡½ Itzkuintli ğŸ‡²ğŸ‡½,LoberroMestizo,19612749
763,897919759316115457,Brian Clarke (Plague Rat),TheDoctorRansom,19612749
764,29813621,Lola's mom,sazzee1,19612749
765,266676128,Snark Jacobs,SnarkJ,19612749
766,2253707280,Jeanette V,jverch4,19612749
767,109678907,"Scott Brown, USAHouses.com",USAHouses,19612749
768,1325850882672644097,NightWriter,NightWr70365503,19612749
769,1267161055018524675,krypto drew,krypto_drew,19612749
770,34210591,Marko Da Beast,BoteekBoteek,19612749
771,2327592480,Ford Fischer,FordFischer,19612749
772,60698687,Fernando Rivera,Ferdmd,19612749
773,28541261,Eagle in NYC,EagleInNYC,19612749
774,2266168763,ğŸ‘ TheConservativePeachğŸ‘ ,ConservaPeach,19612749
775,589803808,Earthling,1337Earthling,19612749
776,18916284,villa411,villa411,19612749
777,750583182391709696,Marco Malo,Marco_Malo13,19612749
778,925195783242166272,Bmccoy,Bmccoy14347652,19612749
779,1006511911779745792,Johanna,Johanna79932450,19612749
780,2745737896,MSRâšœï¸,hironflashy_,19612749
781,860773928,Noelle Variant,ChristiansUFI,19612749
782,435075300,Nadro,CherieNadro,19612749
783,1314808692806758400,dembosanneh,dembosanneh17,19612749
784,1324356894690058243,Benjamin Neiman,benjamin_neiman,19612749
785,38524580,Corinne Perkins,CLPerki,19612749
786,827897552699691013,Valiant628,Valiant628,19612749
787,315785262,uwutm8?,chrissammy7,19612749
788,613903358,"Glenn Klassen CMSgt, USAF (Retired)ğŸ‡ºğŸ‡¸",GlennKlassen,19612749
789,4497458959,Michele Bauder,michele_awb,19612749
790,840820054514106368,After 2 Cups of Coffee I'm Still MeanğŸ‡ºğŸ‡¸,mrstthomps63,19612749
791,403798758,Chris,countrygalnet,19612749
792,970711268163227654,Linda Cook thompson,BlessedLALA1,19612749
793,735172303076634625,Prâ¤uD ArMy MoM ğŸ‡ºğŸ‡²,skylar617,19612749
794,2151928255,Chloe Wu,Chloeyww,19612749
795,1206738865656082432,ğŸ‡ºğŸ‡² Russell.OğŸ‡ºğŸ‡²,governorO_nova,19612749
796,1257273663113646080,Chris Bassford,BassfordChris,19612749
797,87066346,Melissa Harvey,adaywithcoffee,19612749
798,1244643370070192128,Matilda,rivertoriver36,19612749
799,1004332330553610240,YaeliğŸ¯ğŸ,sugarsweetme1,19612749
800,1324555157279961089,OFFICIAL SOURCE STATED THIS IS TRUE,best88net,19612749
801,1213959691253870592,Heather Wallace,realheather2020,19612749
802,1528385366,Frank X Panico,FrankPanico,19612749
803,193166637,AnneMurTay,AnMurTay,19612749
804,2791094300,Metalmaiden,mlbatst,19612749
805,18305753,jbohnenberger,jbohnenberger,19612749
806,462045093,Su,FDNL5201314,19612749
807,707091143197007872,FenceğŸ”¥Rider,rideroffences,19612749
808,822323283513122817,Bella W,wealthyhealthyw,19612749
809,1181768490534854656,Sanctions Hong Kong Police,TedLo9,19612749
810,245335425,The @Acymbal â­â­â­,ACymbal,19612749
811,416495450,Patty Miller (gab.com/psinch),pattymiller1959,19612749
812,16441452,Jon,jonathanpasky,19612749
813,1282027400335773696,Li,Li17847363,19612749
814,1316952124144713728,Cloudy,Cloudy82800965,19612749
815,753333068774137856,Adriane Jacobs,adriane2532,19612749
816,1695399433,Breitbartista/ThanQ,infidelicous,19612749
817,493787047,Rrr,ren2you,19612749
818,4497682306,â˜€ï¸Aimee,aimeedcornett,19612749
819,1006368773970919424,Beauty Transforms the Atmosphere.,villagegirlosv,19612749
820,50349525,Sam Adams,SamAdamsTPP,19612749
821,3884988553,Jimmy Tahoe,jimmy_tahoe,19612749
822,836146144765890560,Daphne Gillentine,DaphGillentine,19612749
823,871551383152939008,Lisa FoxğŸ‡ºğŸ‡¸,Fox_LisaD,19612749
824,373122877,Hal,iPabloRV,19612749
825,2194835134,My Info,franzlambert2,19612749
826,883132180486135809,Christoph ğŸ‡ºğŸ‡¸ğŸ‡®ğŸ‡¹,Christophpusa90,19612749
827,2335119960,Uncle Sam,SamStamper1,19612749
828,1224362805689749504,Roch9339ğŸ‡ºğŸ‡¸vax is how they control u,rochell45393490,19612749
829,595527683,Anne Kane,tweets4mary,19612749
830,1104924963046334466,colleen riedl,cerbrighton,19612749
831,142755920,Bear Market Bf.D,BearMarketRally,19612749
832,1138591933,Keith Dierberg,keithdierberg,19612749
833,780964481895661568,IIIIIIIV,MirrorOfTimes,19612749
834,21908338,JQ,JimQuillen,19612749
835,1285467202733223937,c,c29257103,19612749
836,1277604502271557635,Susan Utegaard,SusanUtegaard,19612749
837,14795621,Bob ğŸ‡ºğŸ‡¸ğŸŒ¹âœï¸,bbakermai,19612749
838,1942866666,Blair,skifflegirl,19612749
839,1033090197469229056,DaniLasherBirth,DaniLasherBirth,19612749
840,224105069,Timothy B. McGovern,tbmcgovern,19612749
841,139796517,Daniel Alberto,darzsje,19612749
842,614714175,Andrew Weiss,theandrewjweiss,19612749
843,1198433777883779073,HPQ,HPQQ6,19612749
844,2577275988,Candice,CandiLove01,19612749
845,405684457,Alex Hall,alex_h_hall,19612749
846,1301114471704858624,Lauren Oâ€™Brien,LaurenO56938067,19612749
847,470769759,Zach,ZachSimon3,19612749
848,1239028371666784256,R.E.M.,MakeMemories41,19612749
849,178718510,Shane Stainton,avening1974,19612749
850,1289039360298491904,Jenny Beck,JennySikes6,19612749
851,529550269,Cinnamon,Cinnamoncinamo,19612749
852,26391248,MMeadow,mmeadow22,19612749
853,3195711090,BrianMorris,iBrianMorris,19612749
854,2338757701,Real Estate Homes by Gina Rocos,GinaRealtor4U,19612749
855,17643713,bishopblakk,bishopblakk,19612749
856,39194736,tomorrow273,tomorrow273,19612749
857,582402433,Maggie Magoo,MMMDigits,19612749
858,2214443737,Long little doggie,54Doggie,19612749
859,4423849274,Mason Lyne,masonlyne27,19612749
860,1134907689476210688,Pennie Bailey,PennieBaileyMa1,19612749
861,63011999,Cindy Brown,cindylbrown,19612749
862,885812017,Tom,Tom53949226,19612749
863,31310951,Ric C,rcoll62,19612749
864,941651420922699776,Traci,Traci101489,19612749
865,1324400375210889216,rae,rae53978701,19612749
866,895431209727262721,Ray,Ray_2600,19612749
867,4099415716,joshradarr,joshradarr,19612749
868,3304519416,IslandGirlecu,islandgirllecu,19612749
869,2255912035,AlexFM,digitalexmiller,19612749
870,1065073508080934913,#EatTheElite,Freedom37035392,19612749
871,2890197413,S1000RRKING,S1000RRKING,19612749
872,43320894,Barry D ğŸ‡ºğŸ‡¸ğŸ‡ºğŸ‡¸ğŸ‡ºğŸ‡¸ğŸ‡ºğŸ‡¸ğŸ‡ºğŸ‡¸,PrimeTime1014,19612749
873,3408665147,Knowledge Is Power,alolmost,19612749
874,1077371659529740288,Jennifer weihl,WeihlJennifer,19612749
875,1231399790,Dylan Laugel,DylanLaugel,19612749
876,799071145982951425,Katalina ğŸ¤”,nonstahp,19612749
877,187742021,Elisabeth Vogel,elhoustn,19612749
878,741511309,Katie,katie_marykay,19612749
879,32549669,Jane,sasscer12,19612749
880,838148660365934592,Life,SamPosman,19612749
881,4230338534,Neil Abate,AbateNeil,19612749
882,75277156,ğŸ”±×§×•×•×™×Ÿ ×’'×•×Ÿ,kevinjohn7286,19612749
883,75368724,ğ•Šğ•šğ•£ ğ”¾ğ•£ğ•–ğ•˜ğ• ğ•£ğ•ª ğ• ğ•— â„•ğ•’ğ•«ğ•šğ•’ğ•Ÿğ•«ğ•¦ğ•¤ â˜¦ï¸,StoicAbsurdist,19612749
884,538176886,Bill O'Connor,ImBillOConnor,19612749
885,954431439059202053,AnonymousSourcesğŸ‡ºğŸ‡¸,MadRepublican71,19612749
886,871126735483359232,Alex Jules,reasonbeforeall,19612749
887,947258411510648837,Eliza,TfabEliza,19612749
888,21159234,TB,tammy91361,19612749
889,2949739587,ronniere huber,RonniereHuber,19612749
890,890919301410172928,Peru1,freep2018,19612749
891,804510505255768066,Michael Finley,mfinley2011,19612749
892,1242269980902567938,Not a Fed,Threat_Level_12,19612749
893,234925481,Cara Castronuova,CaraCastronuova,19612749
894,68385026,RCCPGC,pggop,19612749
895,120150278,j âœï¸,jpo10za,19612749
896,962457345988194304,Antonio,Antonio01_23,19612749
897,942728946,CMod24,CMod24,19612749
898,101320469,Jane,Jaynie08,19612749
899,939205404,Todd Jordan,ToddJordan24,19612749
900,22875060,lisa â­•ï¸ğŸ™ŒğŸ»ğŸ‘†ğŸ»ğŸˆ,allaboutmaxey,19612749
901,963527616182542337,é¢¨æ¸…æš,avergen2020,19612749
902,33328239,Rachael Hernandez,rleighmarie,19612749
903,757632774828232704,RMN,RMN0111,19612749
904,4239434446,Wrendy kulick ğŸ‡ºğŸ‡¸,WrendyKulick,19612749
905,839003083,Chadwick Redmayne,BlueThunder2021,19612749
906,757981407436279808,TBmareâ¤ï¸,TBmare66,19612749
907,823214101245501440,Shilo Shumway,shilo_shumway,19612749
908,1145672496,Rachel Porter,RachelPorter16,19612749
909,1056544940,Brandon Hayes #LetsGoBrandon {Righteous is right},ThruTheHayes,19612749
910,38491215,Jane âœï¸,Janeluv,19612749
911,1242460835026329600,jeffğŸ‡ºğŸ‡¸,jeff67461454,19612749
912,899141388499128320,pbfl,seasidechiefs58,19612749
913,594013874,Dr Khaled Al Sawaf,dr_KAlsawaf,19612749
914,2587819134,Lyle Stewart,LyleStewart55,19612749
915,547326113,Paul Camden,paul_camden,19612749
916,4787731521,JC,HeyZioJohn,19612749
917,931458742461362176,El ğŸŒ–á•«.U$T,El_Gordolon,19612749
918,1266376107302850562,Justin ğŸ‡ºğŸ‡¸ğŸ›¡âš”ï¸,USA_patriot85,19612749
919,815323039130931200,Alejandroâœï¸,jarr_alejandro,19612749
920,860766775,Lisa,lisa_anne222,19612749
921,1179399532787982336,RONDtastic,hooligan_ron,19612749
922,1289588875002814464,BroKHouse,brokhousepits,19612749
923,315460397,byrd,fortmillvol,19612749
924,28648589,Scott,scamwise,19612749
925,23531103,Rika Rey,kjrnyc13,19612749
926,1234663272697122816,Liberty Belle,ArmisDei,19612749
927,3060260093,Publius PR,PubliusPR,19612749
928,1268617419498622978,Bre,breannafrazzle,19612749
929,3011134143,Blaise ğŸ‡ºğŸ‡¸ğŸ‡³ğŸ‡®âœï¸,blaisesav20,19612749
930,965386338383036416,Mermully,Mermully,19612749
931,1318069609,Tony Eriksen,Tony_Eriksen,19612749
932,1252302399412281344,Mr A,John25015682,19612749
933,1324607569776857088,Brandon Mutasa,mutasa_brandon,19612749
934,3439171349,koldenborg,koldenborg1,19612749
935,3370781741,Susan Posey,SusanPosey3,19612749
936,16696943,@KathyPeterson on#Clouthub#Gab#MeWe#RumbleğŸ‡ºğŸ‡¸ğŸ—½ğŸ“œ,kathypeterson,19612749
937,956585518774587393,Lisa Montana,LisaMontana19,19612749
938,2794641444,Dâ‚¬â‚¬ B|Â£Â£zÂ¥,DRchavez2900,19612749
939,108321140,Emanuel Rendas,JC4EVERYONE,19612749
940,949177952,klight,4klight,19612749
941,82634116,Barb,instructmom,19612749
942,1321518260538515456,Lynn Wilson,LynnWil40078018,19612749
943,40720587,1. Love God 2. Love People,1toughmama,19612749
944,1158326537038508035,IYKYK,Champion1776,19612749
945,4927535115,Brian ONeil,BoneilHoops,19612749
946,60337664,Alex,alexn98,19612749
947,1249094105579339777,thepistal,thepistal45,19612749
948,18098988,Diana,WonderWoman1776,19612749
949,1197040585439371264,CaptnSlump,JakeFellers,19612749
950,1393895672,La Jiri Libre ğŸ‡¨ğŸ‡ºğŸŒ»ğŸ¤“,JirilibreLa,19612749
951,1278167099987329027,Liyah,Liyah07090583,19612749
952,836806439838576645,wauketa crosky,wauketacrosky,19612749
953,1256406335249399810,Robo com CPF,CpfRobo,19612749
954,15542226,SUE STUTTE,JALINA,19612749
955,1285275661003882500,Neil,Neil92630054,19612749
956,135026057,â„“Ïƒâ„“Î± Æ¸Ì´Ğ–Ì´Ì†Æ·ğŸ‡ºğŸ‡¸,lolaghia,19612749
957,182024402,Beth Coffman,MommaCoff,19612749
958,820530067,DowntheRabbitHole,_JuliaFaith_,19612749
959,1552118624,gbm254,gbm254,19612749
960,783325632520335361,Mark Ward,mward_1985,19612749
961,3505564343,Rick Stans,RickStans1,19612749
962,1903600231,It's TIME,gailmggmg,19612749
963,739244526,Forever Hopeful,hopefulsuz,19612749
964,1865429834,Kristen,dkpackard,19612749
965,946802485380907011,Dregory,pjpow00,19612749
966,371600122,Kristen B,msskris10,19612749
967,166325662,AngieLynn,starangela1230,19612749
968,2523219338,MuumiQpappa ğŸ‡«ğŸ‡®ğŸ¸ğŸ¤¡âŒ âŒğŸ¦ˆğŸ—£,Perusmuumio,19612749
969,949704875415400448,ShelleyJ,sjrogers113,19612749
970,392955824,Albert,albert_dreyer,19612749
971,328184139,DIAMOND DAVE,BVBFNRULZ,19612749
972,940261956589629440,"Stable ""crypto-genius""",aveternity,19612749
973,788950073774178304,Matt Fabian ğŸ§¡,mooselighting,19612749
974,860841427,Trish Olson,TrishOlson12,19612749
975,810973434339590149,Jenny,caseydog01,19612749
976,331646297,Dalton Orner,weeder76,19612749
977,170903308,CervezaJen,itsjenwbitches,19612749
978,2396525268,Yi Cong,yiconglee,19612749
979,322840959,Brett Colombini,BrettColombini,19612749
980,881643217095143424,å¼ºå°¼Johnny,johnnyzhuzhuzhu,19612749
981,24453554,Ryan Mabbott,ramabbott,19612749
982,17292478,ğ•µğ–”ğ–˜ğ–ğ–Š,_theosis,19612749
983,61922846,Nan,Lakehappy,19612749
984,3388611785,Do the RIGHT thing,TinaSackman1,19612749
985,1094094176185188353,Obed,obedyabbei,19612749
986,588066671,tupacamaru,tupacsomali,19612749
987,553112262,Okie Hawg,OkieHawg,19612749
988,195223849,JennRenee,JennRMarc,19612749
989,1272623586633629696,Jeremiah T Martin,JeremiahTMarti3,19612749
990,1035729882972610561,reseberly,reseberly,19612749
991,37995467,#BrandonCornPopBadDudes (#TrumpWonBidenCheated),HouseBowlrz,19612749
992,1289914137653448704,Dogpatch_shootandshine,DShootandshine,19612749
993,1304233757914861568,mardea,mardea_4freedom,19612749
994,250747377,Arwen Mallet,TexasVV,19612749
995,718180530835984385,Jimmy ğŸº,illujanist,19612749
996,35079547,mrkoolio,mrkoolio,19612749
997,148865042,Val,ChickieMomo,19612749
998,1697485568,ğŸ‡ºğŸ‡²NetteğŸ‡ºğŸ‡² Dems & Rinos are domestic terrorists,cook_2281,19612749
999,742033640,Cindy Chastain,CindyChastain2,19612749
